DROP DATABASE  IF EXISTS `order_sys_seller`;
CREATE DATABASE `order_sys_seller`;

USE `order_sys_seller`;

DROP TABLE IF EXISTS `product_info`;
CREATE TABLE `product_info`(
    `product_id` bigint(20) NOT NULL COMMENT '商品id',
    `product_name` varchar(64) NOT NULL COMMENT '商品名称',
    `product_price` decimal(8,2) DEFAULT NULL COMMENT '单价',
    `discount_price` decimal(8,2) DEFAULT NULL COMMENT '折扣单价',
    `product_stock` int(11) NOT NULL COMMENT '库存',
    `product_description` varchar(64) COMMENT '描述',
    `product_info` varchar(256) COMMENT '商品信息介绍',
    `product_icon` varchar(512) DEFAULT NULL COMMENT '小图标',
    `product_image` varchar(512) DEFAULT NULL COMMENT '图片地址',
    `product_status` tinyint(3) DEFAULT '0' COMMENT '商品状态：0正常，1下架',
    `category_type` int(11) NOT NULL COMMENT '类目编号',
    `create_time` timestamp NOT NULL DEFAULT current_timestamp COMMENT '创建时间',
    `update_time` timestamp NOT NULL DEFAULT current_timestamp ON UPDATE current_timestamp COMMENT '修改时间',
    PRIMARY KEY (`product_id`),
    KEY `idx_category_type` (`category_type`)
) ENGINE=InnoDB DEFAULT CHARSET=utf8mb4 COMMENT '商品表';

INSERT INTO `order_sys_seller`.`product_info` (`product_id`, `product_name`, `product_price`, `discount_price`, `product_stock`, `product_description`, `product_info`, `product_icon`, `product_image`, `product_status`, `category_type`, `create_time`, `update_time`) VALUES ('6614636371229413376', '皮蛋瘦肉粥', NULL, '10.00', '9999', '咸粥', '一碗皮蛋瘦肉粥，总是我到粥店时的不二之选。香浓软滑，饱腹暖心，皮蛋的Q弹与瘦肉的滑嫩伴着粥香溢于满口，让人喝这样的一碗粥也觉得心满意足', 'http://fuss10.elemecdn.com/c/cd/c12745ed8a5171e13b427dbc39401jpeg.jpeg?imageView2/1/w/114/h/114', 'http://fuss10.elemecdn.com/c/cd/c12745ed8a5171e13b427dbc39401jpeg.jpeg?imageView2/1/w/750/h/750', '0', '-1', '2020-01-10 02:50:59', '2020-01-10 02:50:59');
INSERT INTO `order_sys_seller`.`product_info` (`product_id`, `product_name`, `product_price`, `discount_price`, `product_stock`, `product_description`, `product_info`, `product_icon`, `product_image`, `product_status`, `category_type`, `create_time`, `update_time`) VALUES ('6614636371334270976', '扁豆焖面', NULL, '14.00', '9999', '', '', 'http://fuss10.elemecdn.com/c/6b/29e3d29b0db63d36f7c500bca31d8jpeg.jpeg?imageView2/1/w/114/h/114', 'http://fuss10.elemecdn.com/c/6b/29e3d29b0db63d36f7c500bca31d8jpeg.jpeg?imageView2/1/w/750/h/750', '0', '-1', '2020-01-10 02:50:59', '2020-01-10 02:50:59');
INSERT INTO `order_sys_seller`.`product_info` (`product_id`, `product_name`, `product_price`, `discount_price`, `product_stock`, `product_description`, `product_info`, `product_icon`, `product_image`, `product_status`, `category_type`, `create_time`, `update_time`) VALUES ('6614636371359436800', '葱花饼', NULL, '10.00', '9999', '', '', 'http://fuss10.elemecdn.com/f/28/a51e7b18751bcdf871648a23fd3b4jpeg.jpeg?imageView2/1/w/114/h/114', 'http://fuss10.elemecdn.com/f/28/a51e7b18751bcdf871648a23fd3b4jpeg.jpeg?imageView2/1/w/750/h/750', '0', '-1', '2020-01-10 02:50:59', '2020-01-10 02:50:59');
INSERT INTO `order_sys_seller`.`product_info` (`product_id`, `product_name`, `product_price`, `discount_price`, `product_stock`, `product_description`, `product_info`, `product_icon`, `product_image`, `product_status`, `category_type`, `create_time`, `update_time`) VALUES ('6614636371376214016', '牛肉馅饼', NULL, '14.00', '9999', '', '', 'http://fuss10.elemecdn.com/d/b9/bcab0e8ad97758e65ae5a62b2664ejpeg.jpeg?imageView2/1/w/114/h/114', 'http://fuss10.elemecdn.com/d/b9/bcab0e8ad97758e65ae5a62b2664ejpeg.jpeg?imageView2/1/w/750/h/750', '0', '-1', '2020-01-10 02:50:59', '2020-01-10 02:50:59');
INSERT INTO `order_sys_seller`.`product_info` (`product_id`, `product_name`, `product_price`, `discount_price`, `product_stock`, `product_description`, `product_info`, `product_icon`, `product_image`, `product_status`, `category_type`, `create_time`, `update_time`) VALUES ('6614636371388796928', '招牌猪肉白菜锅贴/10个', NULL, '17.00', '9999', '', '', 'http://fuss10.elemecdn.com/7/72/9a580c1462ca1e4d3c07e112bc035jpeg.jpeg?imageView2/1/w/114/h/114', 'http://fuss10.elemecdn.com/7/72/9a580c1462ca1e4d3c07e112bc035jpeg.jpeg?imageView2/1/w/750/h/750', '0', '-1', '2020-01-10 02:50:59', '2020-01-10 02:50:59');
INSERT INTO `order_sys_seller`.`product_info` (`product_id`, `product_name`, `product_price`, `discount_price`, `product_stock`, `product_description`, `product_info`, `product_icon`, `product_image`, `product_status`, `category_type`, `create_time`, `update_time`) VALUES ('6614636371405574144', '南瓜粥', NULL, '9.00', '9999', '甜粥', NULL, 'http://fuss10.elemecdn.com/8/a6/453f65f16b1391942af11511b7a90jpeg.jpeg?imageView2/1/w/114/h/114', 'http://fuss10.elemecdn.com/8/a6/453f65f16b1391942af11511b7a90jpeg.jpeg?imageView2/1/w/750/h/750', '0', '-1', '2020-01-10 02:50:59', '2020-01-10 02:50:59');
INSERT INTO `order_sys_seller`.`product_info` (`product_id`, `product_name`, `product_price`, `discount_price`, `product_stock`, `product_description`, `product_info`, `product_icon`, `product_image`, `product_status`, `category_type`, `create_time`, `update_time`) VALUES ('6614636371439128576', '红豆薏米美肤粥', NULL, '12.00', '9999', '甜粥', '', 'http://fuss10.elemecdn.com/d/22/260bd78ee6ac6051136c5447fe307jpeg.jpeg?imageView2/1/w/114/h/114', 'http://fuss10.elemecdn.com/d/22/260bd78ee6ac6051136c5447fe307jpeg.jpeg?imageView2/1/w/750/h/750', '0', '-1', '2020-01-10 02:50:59', '2020-01-10 02:50:59');
INSERT INTO `order_sys_seller`.`product_info` (`product_id`, `product_name`, `product_price`, `discount_price`, `product_stock`, `product_description`, `product_info`, `product_icon`, `product_image`, `product_status`, `category_type`, `create_time`, `update_time`) VALUES ('6614636371455905792', '八宝酱菜', NULL, '4.00', '9999', '', '', 'http://fuss10.elemecdn.com/9/b5/469d8854f9a3a03797933fd01398bjpeg.jpeg?imageView2/1/w/114/h/114', 'http://fuss10.elemecdn.com/9/b5/469d8854f9a3a03797933fd01398bjpeg.jpeg?imageView2/1/w/750/h/750', '0', '-1', '2020-01-10 02:50:59', '2020-01-10 02:50:59');
INSERT INTO `order_sys_seller`.`product_info` (`product_id`, `product_name`, `product_price`, `discount_price`, `product_stock`, `product_description`, `product_info`, `product_icon`, `product_image`, `product_status`, `category_type`, `create_time`, `update_time`) VALUES ('6614636371472683008', '红枣山药糙米粥', NULL, '10.00', '9999', '', '', 'http://fuss10.elemecdn.com/9/b5/469d8854f9a3a03797933fd01398bjpeg.jpeg?imageView2/1/w/114/h/114', 'http://fuss10.elemecdn.com/9/b5/469d8854f9a3a03797933fd01398bjpeg.jpeg?imageView2/1/w/750/h/750', '0', '-1', '2020-01-10 02:50:59', '2020-01-10 02:50:59');
INSERT INTO `order_sys_seller`.`product_info` (`product_id`, `product_name`, `product_price`, `discount_price`, `product_stock`, `product_description`, `product_info`, `product_icon`, `product_image`, `product_status`, `category_type`, `create_time`, `update_time`) VALUES ('6614636371485265920', '糊塌子', NULL, '10.00', '9999', '', '', 'http://fuss10.elemecdn.com/0/05/097a2a59fd2a2292d08067e16380cjpeg.jpeg?imageView2/1/w/114/h/114', 'http://fuss10.elemecdn.com/0/05/097a2a59fd2a2292d08067e16380cjpeg.jpeg?imageView2/1/w/750/h/750', '0', '-1', '2020-01-10 02:50:59', '2020-01-10 02:50:59');
INSERT INTO `order_sys_seller`.`product_info` (`product_id`, `product_name`, `product_price`, `discount_price`, `product_stock`, `product_description`, `product_info`, `product_icon`, `product_image`, `product_status`, `category_type`, `create_time`, `update_time`) VALUES ('6614644993330122752', '红枣山药粥套餐', '36.00', '29.00', '9999', '红枣山药糙米粥,素材包,爽口莴笋丝,四川泡菜或八宝酱菜,配菜可备注', '', 'http://fuss10.elemecdn.com/6/72/cb844f0bb60c502c6d5c05e0bddf5jpeg.jpeg?imageView2/1/w/114/h/114', 'http://fuss10.elemecdn.com/6/72/cb844f0bb60c502c6d5c05e0bddf5jpeg.jpeg?imageView2/1/w/750/h/750', '0', '2', '2020-01-10 03:25:14', '2020-01-10 03:25:14');
INSERT INTO `order_sys_seller`.`product_info` (`product_id`, `product_name`, `product_price`, `discount_price`, `product_stock`, `product_description`, `product_info`, `product_icon`, `product_image`, `product_status`, `category_type`, `create_time`, `update_time`) VALUES ('6614645099567648768', 'VC无限橙果汁', '10.00', '8.00', '9999', '', '', 'http://fuss10.elemecdn.com/e/c6/f348e811772016ae24e968238bcbfjpeg.jpeg?imageView2/1/w/114/h/114', 'http://fuss10.elemecdn.com/e/c6/f348e811772016ae24e968238bcbfjpeg.jpeg?imageView2/1/w/750/h/750', '0', '1', '2020-01-10 03:25:39', '2020-01-10 03:25:39');
INSERT INTO `order_sys_seller`.`product_info` (`product_id`, `product_name`, `product_price`, `discount_price`, `product_stock`, `product_description`, `product_info`, `product_icon`, `product_image`, `product_status`, `category_type`, `create_time`, `update_time`) VALUES ('6614645284121219072', '娃娃菜炖豆腐', NULL, '17.00', '9999', '', '', 'http://fuss10.elemecdn.com/d/2d/b1eb45b305635d9dd04ddf157165fjpeg.jpeg?imageView2/1/w/114/h/114', 'http://fuss10.elemecdn.com/d/2d/b1eb45b305635d9dd04ddf157165fjpeg.jpeg?imageView2/1/w/750/h/750', '0', '20', '2020-01-10 03:26:23', '2020-01-10 03:26:23');
INSERT INTO `order_sys_seller`.`product_info` (`product_id`, `product_name`, `product_price`, `discount_price`, `product_stock`, `product_description`, `product_info`, `product_icon`, `product_image`, `product_status`, `category_type`, `create_time`, `update_time`) VALUES ('6614645284142190592', '手撕包菜', NULL, '16.00', '9999', '', '', 'http://fuss10.elemecdn.com/9/c6/f3bc84468820121112e79583c24efjpeg.jpeg?imageView2/1/w/114/h/114', 'http://fuss10.elemecdn.com/9/c6/f3bc84468820121112e79583c24efjpeg.jpeg?imageView2/1/w/750/h/750', '0', '20', '2020-01-10 03:26:23', '2020-01-10 03:26:23');
INSERT INTO `order_sys_seller`.`product_info` (`product_id`, `product_name`, `product_price`, `discount_price`, `product_stock`, `product_description`, `product_info`, `product_icon`, `product_image`, `product_status`, `category_type`, `create_time`, `update_time`) VALUES ('6614645284192522240', '香酥黄金鱼/3条', NULL, '11.00', '9999', '', '', 'http://fuss10.elemecdn.com/4/e7/8277a6a2ea0a2e97710290499fc41jpeg.jpeg?imageView2/1/w/114/h/114', 'http://fuss10.elemecdn.com/4/e7/8277a6a2ea0a2e97710290499fc41jpeg.jpeg?imageView2/1/w/750/h/750', '0', '20', '2020-01-10 03:26:23', '2020-01-10 03:26:23');
INSERT INTO `order_sys_seller`.`product_info` (`product_id`, `product_name`, `product_price`, `discount_price`, `product_stock`, `product_description`, `product_info`, `product_icon`, `product_image`, `product_status`, `category_type`, `create_time`, `update_time`) VALUES ('6614645341172142080', '八宝酱菜', NULL, '4.00', '9999', '', '', 'http://fuss10.elemecdn.com/9/b5/469d8854f9a3a03797933fd01398bjpeg.jpeg?imageView2/1/w/114/h/114', 'http://fuss10.elemecdn.com/9/b5/469d8854f9a3a03797933fd01398bjpeg.jpeg?imageView2/1/w/750/h/750', '0', '21', '2020-01-10 03:26:37', '2020-01-10 03:26:37');
INSERT INTO `order_sys_seller`.`product_info` (`product_id`, `product_name`, `product_price`, `discount_price`, `product_stock`, `product_description`, `product_info`, `product_icon`, `product_image`, `product_status`, `category_type`, `create_time`, `update_time`) VALUES ('6614645341205696512', '拍黄瓜', NULL, '9.00', '9999', '', '', 'http://fuss10.elemecdn.com/6/54/f654985b4e185f06eb07f8fa2b2e8jpeg.jpeg?imageView2/1/w/114/h/114', 'http://fuss10.elemecdn.com/6/54/f654985b4e185f06eb07f8fa2b2e8jpeg.jpeg?imageView2/1/w/750/h/750', '0', '21', '2020-01-10 03:26:37', '2020-01-10 03:26:37');
INSERT INTO `order_sys_seller`.`product_info` (`product_id`, `product_name`, `product_price`, `discount_price`, `product_stock`, `product_description`, `product_info`, `product_icon`, `product_image`, `product_status`, `category_type`, `create_time`, `update_time`) VALUES ('6614645380455993344', '红豆薏米粥套餐', NULL, '37.00', '9999', '红豆薏米粥,三鲜干蒸烧卖,拍黄瓜', '', 'http://fuss10.elemecdn.com/f/49/27f26ed00c025b2200a9ccbb7e67ejpeg.jpeg?imageView2/1/w/114/h/114', 'http://fuss10.elemecdn.com/f/49/27f26ed00c025b2200a9ccbb7e67ejpeg.jpeg?imageView2/1/w/750/h/750', '0', '22', '2020-01-10 03:26:46', '2020-01-10 03:26:46');
INSERT INTO `order_sys_seller`.`product_info` (`product_id`, `product_name`, `product_price`, `discount_price`, `product_stock`, `product_description`, `product_info`, `product_icon`, `product_image`, `product_status`, `category_type`, `create_time`, `update_time`) VALUES ('6614645380468576256', '皮蛋瘦肉粥套餐', NULL, '31.00', '9999', '', '', 'http://fuss10.elemecdn.com/8/96/f444a8087f0e940ef264617f9d98ajpeg.jpeg?imageView2/1/w/114/h/114', 'http://fuss10.elemecdn.com/8/96/f444a8087f0e940ef264617f9d98ajpeg.jpeg?imageView2/1/w/750/h/750', '0', '22', '2020-01-10 03:26:46', '2020-01-10 03:26:46');
INSERT INTO `order_sys_seller`.`product_info` (`product_id`, `product_name`, `product_price`, `discount_price`, `product_stock`, `product_description`, `product_info`, `product_icon`, `product_image`, `product_status`, `category_type`, `create_time`, `update_time`) VALUES ('6614645420448681984', '蜜瓜圣女萝莉杯', NULL, '6.00', '9999', '', '', 'http://fuss10.elemecdn.com/b/5f/b3b04c259d5ec9fa52e1856ee50dajpeg.jpeg?imageView2/1/w/114/h/114', 'http://fuss10.elemecdn.com/b/5f/b3b04c259d5ec9fa52e1856ee50dajpeg.jpeg?imageView2/1/w/750/h/750', '0', '23', '2020-01-10 03:26:56', '2020-01-10 03:26:56');
INSERT INTO `order_sys_seller`.`product_info` (`product_id`, `product_name`, `product_price`, `discount_price`, `product_stock`, `product_description`, `product_info`, `product_icon`, `product_image`, `product_status`, `category_type`, `create_time`, `update_time`) VALUES ('6614645420452876288', '加多宝', NULL, '6.00', '9999', '', '', 'http://fuss10.elemecdn.com/b/9f/5e6c99c593cf65229225c5661bcdejpeg.jpeg?imageView2/1/w/114/h/114', 'http://fuss10.elemecdn.com/b/9f/5e6c99c593cf65229225c5661bcdejpeg.jpeg?imageView2/1/w/750/h/750', '0', '23', '2020-01-10 03:26:56', '2020-01-10 03:26:56');
INSERT INTO `order_sys_seller`.`product_info` (`product_id`, `product_name`, `product_price`, `discount_price`, `product_stock`, `product_description`, `product_info`, `product_icon`, `product_image`, `product_status`, `category_type`, `create_time`, `update_time`) VALUES ('6614645420465459200', 'VC无限橙果汁', '10.00', '8.00', '9999', '', '', 'http://fuss10.elemecdn.com/e/c6/f348e811772016ae24e968238bcbfjpeg.jpeg?imageView2/1/w/114/h/114', 'http://fuss10.elemecdn.com/e/c6/f348e811772016ae24e968238bcbfjpeg.jpeg?imageView2/1/w/750/h/750', '0', '23', '2020-01-10 03:26:56', '2020-01-10 03:26:56');
INSERT INTO `order_sys_seller`.`product_info` (`product_id`, `product_name`, `product_price`, `discount_price`, `product_stock`, `product_description`, `product_info`, `product_icon`, `product_image`, `product_status`, `category_type`, `create_time`, `update_time`) VALUES ('6614645469748531200', '扁豆焖面', NULL, '14.00', '9999', '', '', 'http://fuss10.elemecdn.com/c/6b/29e3d29b0db63d36f7c500bca31d8jpeg.jpeg?imageView2/1/w/114/h/114', 'http://fuss10.elemecdn.com/c/6b/29e3d29b0db63d36f7c500bca31d8jpeg.jpeg?imageView2/1/w/750/h/750', '0', '24', '2020-01-10 03:27:08', '2020-01-10 03:27:08');
INSERT INTO `order_sys_seller`.`product_info` (`product_id`, `product_name`, `product_price`, `discount_price`, `product_stock`, `product_description`, `product_info`, `product_icon`, `product_image`, `product_status`, `category_type`, `create_time`, `update_time`) VALUES ('6614645469761114114', '葱花饼', NULL, '10.00', '9999', '', '', 'http://fuss10.elemecdn.com/f/28/a51e7b18751bcdf871648a23fd3b4jpeg.jpeg?imageView2/1/w/114/h/114', 'http://fuss10.elemecdn.com/f/28/a51e7b18751bcdf871648a23fd3b4jpeg.jpeg?imageView2/1/w/750/h/750', '0', '24', '2020-01-10 03:27:08', '2020-01-10 03:27:08');
INSERT INTO `order_sys_seller`.`product_info` (`product_id`, `product_name`, `product_price`, `discount_price`, `product_stock`, `product_description`, `product_info`, `product_icon`, `product_image`, `product_status`, `category_type`, `create_time`, `update_time`) VALUES ('6614645469777891328', '牛肉馅饼', NULL, '14.00', '9999', '', '', 'http://fuss10.elemecdn.com/d/b9/bcab0e8ad97758e65ae5a62b2664ejpeg.jpeg?imageView2/1/w/114/h/114', 'http://fuss10.elemecdn.com/d/b9/bcab0e8ad97758e65ae5a62b2664ejpeg.jpeg?imageView2/1/w/750/h/750', '0', '24', '2020-01-10 03:27:08', '2020-01-10 03:27:08');
INSERT INTO `order_sys_seller`.`product_info` (`product_id`, `product_name`, `product_price`, `discount_price`, `product_stock`, `product_description`, `product_info`, `product_icon`, `product_image`, `product_status`, `category_type`, `create_time`, `update_time`) VALUES ('6614645469794668544', '招牌猪肉白菜锅贴/10个', NULL, '17.00', '9999', '', '', 'http://fuss10.elemecdn.com/7/72/9a580c1462ca1e4d3c07e112bc035jpeg.jpeg?imageView2/1/w/114/h/114', 'http://fuss10.elemecdn.com/7/72/9a580c1462ca1e4d3c07e112bc035jpeg.jpeg?imageView2/1/w/750/h/750', '0', '24', '2020-01-10 03:27:08', '2020-01-10 03:27:08');
INSERT INTO `order_sys_seller`.`product_info` (`product_id`, `product_name`, `product_price`, `discount_price`, `product_stock`, `product_description`, `product_info`, `product_icon`, `product_image`, `product_status`, `category_type`, `create_time`, `update_time`) VALUES ('6614645469815640064', '糊塌子', NULL, '10.00', '9999', '', '', 'http://fuss10.elemecdn.com/0/05/097a2a59fd2a2292d08067e16380cjpeg.jpeg?imageView2/1/w/114/h/114', 'http://fuss10.elemecdn.com/0/05/097a2a59fd2a2292d08067e16380cjpeg.jpeg?imageView2/1/w/750/h/750', '0', '24', '2020-01-10 03:27:08', '2020-01-10 03:27:08');
INSERT INTO `order_sys_seller`.`product_info` (`product_id`, `product_name`, `product_price`, `discount_price`, `product_stock`, `product_description`, `product_info`, `product_icon`, `product_image`, `product_status`, `category_type`, `create_time`, `update_time`) VALUES ('6614645692373798912', '皮蛋瘦肉粥', NULL, '10.00', '9999', '咸粥', NULL, 'http://fuss10.elemecdn.com/c/cd/c12745ed8a5171e13b427dbc39401jpeg.jpeg?imageView2/1/w/114/h/114', 'http://fuss10.elemecdn.com/c/cd/c12745ed8a5171e13b427dbc39401jpeg.jpeg?imageView2/1/w/750/h/750', '0', '25', '2020-01-10 03:28:01', '2020-01-10 03:28:01');
INSERT INTO `order_sys_seller`.`product_info` (`product_id`, `product_name`, `product_price`, `discount_price`, `product_stock`, `product_description`, `product_info`, `product_icon`, `product_image`, `product_status`, `category_type`, `create_time`, `update_time`) VALUES ('6614645692394770432', '南瓜粥', NULL, '9.00', '9999', '甜粥', '', 'http://fuss10.elemecdn.com/8/a6/453f65f16b1391942af11511b7a90jpeg.jpeg?imageView2/1/w/114/h/114', 'http://fuss10.elemecdn.com/8/a6/453f65f16b1391942af11511b7a90jpeg.jpeg?imageView2/1/w/750/h/750', '0', '25', '2020-01-10 03:28:01', '2020-01-10 03:28:01');
INSERT INTO `order_sys_seller`.`product_info` (`product_id`, `product_name`, `product_price`, `discount_price`, `product_stock`, `product_description`, `product_info`, `product_icon`, `product_image`, `product_status`, `category_type`, `create_time`, `update_time`) VALUES ('6614645692487045120', '红豆薏米美肤粥', NULL, '12.00', '9999', '甜粥', '', 'http://fuss10.elemecdn.com/d/22/260bd78ee6ac6051136c5447fe307jpeg.jpeg?imageView2/1/w/114/h/114', 'http://fuss10.elemecdn.com/d/22/260bd78ee6ac6051136c5447fe307jpeg.jpeg?imageView2/1/w/750/h/750', '0', '25', '2020-01-10 03:28:01', '2020-01-10 03:28:01');
INSERT INTO `order_sys_seller`.`product_info` (`product_id`, `product_name`, `product_price`, `discount_price`, `product_stock`, `product_description`, `product_info`, `product_icon`, `product_image`, `product_status`, `category_type`, `create_time`, `update_time`) VALUES ('6614645692503822336', '红枣山药糙米粥', NULL, '10.00', '9999', '', '', 'http://fuss10.elemecdn.com/9/b5/469d8854f9a3a03797933fd01398bjpeg.jpeg?imageView2/1/w/114/h/114', 'http://fuss10.elemecdn.com/9/b5/469d8854f9a3a03797933fd01398bjpeg.jpeg?imageView2/1/w/750/h/750', '0', '25', '2020-01-10 03:28:01', '2020-01-10 03:28:01');
INSERT INTO `order_sys_seller`.`product_info` (`product_id`, `product_name`, `product_price`, `discount_price`, `product_stock`, `product_description`, `product_info`, `product_icon`, `product_image`, `product_status`, `category_type`, `create_time`, `update_time`) VALUES ('6614645692516405248', '鲜蔬菌菇粥', NULL, '11.00', '9999', '咸粥', '', 'http://fuss10.elemecdn.com/e/a3/5317c68dd618929b6ac05804e429ajpeg.jpeg?imageView2/1/w/114/h/114', 'http://fuss10.elemecdn.com/e/a3/5317c68dd618929b6ac05804e429ajpeg.jpeg?imageView2/1/w/750/h/750', '0', '25', '2020-01-10 03:28:01', '2020-01-10 03:28:01');
INSERT INTO `order_sys_seller`.`product_info` (`product_id`, `product_name`, `product_price`, `discount_price`, `product_stock`, `product_description`, `product_info`, `product_icon`, `product_image`, `product_status`, `category_type`, `create_time`, `update_time`) VALUES ('6614645692537376768', '田园蔬菜粥', NULL, '10.00', '9999', '咸粥', '', 'http://fuss10.elemecdn.com/a/94/7371083792c19df00e546b29e344cjpeg.jpeg?imageView2/1/w/114/h/114', 'http://fuss10.elemecdn.com/a/94/7371083792c19df00e546b29e344cjpeg.jpeg?imageView2/1/w/750/h/750', '0', '25', '2020-01-10 03:28:01', '2020-01-10 03:28:01');


DROP TABLE IF EXISTS `product_category`;
CREATE TABLE `product_category`(
    `category_id` int(11) NOT NULL AUTO_INCREMENT COMMENT '类目id',
    `category_name` varchar(64) NOT NULL COMMENT '类目名称',
    `category_type` int(11) NOT NULL COMMENT '类目编号',
    `create_time` timestamp NOT NULL DEFAULT current_timestamp COMMENT '创建时间',
    `update_time` timestamp NOT NULL DEFAULT current_timestamp ON UPDATE current_timestamp COMMENT '修改时间',
    PRIMARY KEY (`category_id`),
    UNIQUE KEY `u_category_type` (`category_type`)
) ENGINE=InnoDB DEFAULT CHARSET=utf8mb4 COMMENT '类目表';

INSERT INTO `order_sys_seller`.`product_category` (`category_id`, `category_name`, `category_type`, `create_time`, `update_time`) VALUES ('3', '热销榜', '-1', '2020-01-10 02:50:58', '2020-01-10 02:50:58');
INSERT INTO `order_sys_seller`.`product_category` (`category_id`, `category_name`, `category_type`, `create_time`, `update_time`) VALUES ('4', '单人精彩套餐', '2', '2020-01-10 03:25:14', '2020-01-10 03:25:14');
INSERT INTO `order_sys_seller`.`product_category` (`category_id`, `category_name`, `category_type`, `create_time`, `update_time`) VALUES ('5', '冰爽饮品限时特惠', '1', '2020-01-10 03:25:39', '2020-01-10 03:25:39');
INSERT INTO `order_sys_seller`.`product_category` (`category_id`, `category_name`, `category_type`, `create_time`, `update_time`) VALUES ('7', '精选热菜', '20', '2020-01-10 03:26:23', '2020-01-10 03:26:23');
INSERT INTO `order_sys_seller`.`product_category` (`category_id`, `category_name`, `category_type`, `create_time`, `update_time`) VALUES ('8', '爽口凉菜', '21', '2020-01-10 03:26:37', '2020-01-10 03:26:37');
INSERT INTO `order_sys_seller`.`product_category` (`category_id`, `category_name`, `category_type`, `create_time`, `update_time`) VALUES ('9', '精选套餐', '22', '2020-01-10 03:26:46', '2020-01-10 03:26:46');
INSERT INTO `order_sys_seller`.`product_category` (`category_id`, `category_name`, `category_type`, `create_time`, `update_time`) VALUES ('10', '果拼果汁', '23', '2020-01-10 03:26:56', '2020-01-10 03:26:56');
INSERT INTO `order_sys_seller`.`product_category` (`category_id`, `category_name`, `category_type`, `create_time`, `update_time`) VALUES ('11', '小吃主食', '24', '2020-01-10 03:27:08', '2020-01-10 03:27:08');
INSERT INTO `order_sys_seller`.`product_category` (`category_id`, `category_name`, `category_type`, `create_time`, `update_time`) VALUES ('13', '特色粥品', '25', '2020-01-10 03:28:01', '2020-01-10 03:28:01');


DROP TABLE IF EXISTS `order_master`;
CREATE TABLE `order_master`(
    `order_id` bigint(20) NOT NULL COMMENT '类目id',
    `buyer_name` varchar(32) NOT NULL COMMENT '买家姓名',
    `buyer_phone` varchar(32) NOT NULL COMMENT '买家电话',
    `buyer_address` varchar(128) NOT NULL COMMENT '买家地址',
    `buyer_openid` varchar(64) NOT NULL COMMENT '买家微信openid',
    `order_amount` decimal(8,2) NOT NULL COMMENT '订单总金额',
    `order_status` tinyint(3) NOT NULL DEFAULT '0' COMMENT '订单状态，默认0新下单',
    `pay_status` tinyint(3) NOT NULL DEFAULT '0' COMMENT '支付状态，默认0未支付',
    `create_time` timestamp NOT NULL DEFAULT current_timestamp COMMENT '创建时间',
    `update_time` timestamp NOT NULL DEFAULT current_timestamp ON UPDATE current_timestamp COMMENT '修改时间',
    PRIMARY KEY (`order_id`),
    KEY `idx_buyer_openid` (`buyer_openid`)
) ENGINE=InnoDB DEFAULT CHARSET=utf8mb4 COMMENT '订单表';


DROP TABLE IF EXISTS `order_detail`;
CREATE TABLE `order_detail`(
    `detail_id` bigint(20) NOT NULL COMMENT '订单详情id',
    `order_id` bigint(20) NOT NULL COMMENT '订单id',
    `product_id` bigint(20) NOT NULL COMMENT '商品id',
    `product_name` varchar(64) NOT NULL COMMENT '商品名称',
    `product_price` decimal(8,2) NOT NULL COMMENT '单价',
    `product_quantity` int(11) NOT NULL COMMENT '商品数量',
    `product_description` varchar(64) COMMENT '描述',
    `product_icon` varchar(512) COMMENT '商品小图',
    `create_time` timestamp NOT NULL DEFAULT current_timestamp COMMENT '创建时间',
    `update_time` timestamp NOT NULL DEFAULT current_timestamp ON UPDATE current_timestamp COMMENT '修改时间',
    PRIMARY KEY (`detail_id`),
    KEY `idx_order_id` (`order_id`)
) ENGINE=InnoDB DEFAULT CHARSET=utf8mb4 COMMENT '订单详情表';


DROP TABLE IF EXISTS `rate_detail`;
CREATE TABLE `rate_detail`(
    `rate_id` bigint(20) NOT NULL COMMENT '评价id',
    `order_id` bigint(20) NOT NULL COMMENT '订单id',
    `product_id` bigint(20) NOT NULL COMMENT '商品id',
    `username` varchar(32) NOT NULL COMMENT '用户名',
    `rate_type` int(11) NOT NULL COMMENT '评价类型',
    `text` varchar(512) NOT NULL DEFAULT '默认评价。' COMMENT '评价内容',
    `avatar` varchar(256) DEFAULT NULL COMMENT '评价图片地址',
    `create_time` timestamp NOT NULL DEFAULT current_timestamp COMMENT '创建时间',
    `update_time` timestamp NOT NULL DEFAULT current_timestamp ON UPDATE current_timestamp COMMENT '修改时间',
    PRIMARY KEY (`rate_id`),
    KEY `idx_product_id` (`product_id`)
) ENGINE=InnoDB DEFAULT CHARSET=utf8mb4 COMMENT '订单评价表';

INSERT INTO `order_sys_seller`.`rate_detail` (`rate_id`, `order_id`, `product_id`, `username`, `rate_type`, `text`, `avatar`, `create_time`, `update_time`) VALUES ('6614636371304910848', '6614636371304910849', '6614636371229413376', '3******c', '0', '很喜欢的粥', 'http://static.galileo.xiaojukeji.com/static/tms/default_header.png', '2020-01-10 02:50:59', '2020-01-10 02:50:59');
INSERT INTO `order_sys_seller`.`rate_detail` (`rate_id`, `order_id`, `product_id`, `username`, `rate_type`, `text`, `avatar`, `create_time`, `update_time`) VALUES ('6614636371321688064', '6614636371321688065', '6614636371229413376', '2******3', '0', '', 'http://static.galileo.xiaojukeji.com/static/tms/default_header.png', '2020-01-10 02:50:59', '2020-01-10 02:50:59');
INSERT INTO `order_sys_seller`.`rate_detail` (`rate_id`, `order_id`, `product_id`, `username`, `rate_type`, `text`, `avatar`, `create_time`, `update_time`) VALUES ('6614636371330076672', '6614636371330076673', '6614636371229413376', '3******b', '1', '', 'http://static.galileo.xiaojukeji.com/static/tms/default_header.png', '2020-01-10 02:50:59', '2020-01-10 02:50:59');
INSERT INTO `order_sys_seller`.`rate_detail` (`rate_id`, `order_id`, `product_id`, `username`, `rate_type`, `text`, `avatar`, `create_time`, `update_time`) VALUES ('6614636371342659584', '6614636371342659585', '6614636371334270976', '3******c', '0', '', 'http://static.galileo.xiaojukeji.com/static/tms/default_header.png', '2020-01-10 02:50:59', '2020-01-10 02:50:59');
INSERT INTO `order_sys_seller`.`rate_detail` (`rate_id`, `order_id`, `product_id`, `username`, `rate_type`, `text`, `avatar`, `create_time`, `update_time`) VALUES ('6614636371346853888', '6614636371346853889', '6614636371334270976', '2******3', '0', '', 'http://static.galileo.xiaojukeji.com/static/tms/default_header.png', '2020-01-10 02:50:59', '2020-01-10 02:50:59');
INSERT INTO `order_sys_seller`.`rate_detail` (`rate_id`, `order_id`, `product_id`, `username`, `rate_type`, `text`, `avatar`, `create_time`, `update_time`) VALUES ('6614636371351048192', '6614636371351048193', '6614636371334270976', '3******b', '1', '', 'http://static.galileo.xiaojukeji.com/static/tms/default_header.png', '2020-01-10 02:50:59', '2020-01-10 02:50:59');
INSERT INTO `order_sys_seller`.`rate_detail` (`rate_id`, `order_id`, `product_id`, `username`, `rate_type`, `text`, `avatar`, `create_time`, `update_time`) VALUES ('6614636371363631104', '6614636371363631105', '6614636371359436800', '3******c', '1', '没啥味道', 'http://static.galileo.xiaojukeji.com/static/tms/default_header.png', '2020-01-10 02:50:59', '2020-01-10 02:50:59');
INSERT INTO `order_sys_seller`.`rate_detail` (`rate_id`, `order_id`, `product_id`, `username`, `rate_type`, `text`, `avatar`, `create_time`, `update_time`) VALUES ('6614636371367825408', '6614636371367825409', '6614636371359436800', '2******3', '1', '很一般啊', 'http://static.galileo.xiaojukeji.com/static/tms/default_header.png', '2020-01-10 02:50:59', '2020-01-10 02:50:59');
INSERT INTO `order_sys_seller`.`rate_detail` (`rate_id`, `order_id`, `product_id`, `username`, `rate_type`, `text`, `avatar`, `create_time`, `update_time`) VALUES ('6614636371372019712', '6614636371372019713', '6614636371359436800', '3******b', '0', '', 'http://static.galileo.xiaojukeji.com/static/tms/default_header.png', '2020-01-10 02:50:59', '2020-01-10 02:50:59');
INSERT INTO `order_sys_seller`.`rate_detail` (`rate_id`, `order_id`, `product_id`, `username`, `rate_type`, `text`, `avatar`, `create_time`, `update_time`) VALUES ('6614636371376214017', '6614636371376214018', '6614636371376214016', '3******c', '1', '难吃不推荐', 'http://static.galileo.xiaojukeji.com/static/tms/default_header.png', '2020-01-10 02:50:59', '2020-01-10 02:50:59');
INSERT INTO `order_sys_seller`.`rate_detail` (`rate_id`, `order_id`, `product_id`, `username`, `rate_type`, `text`, `avatar`, `create_time`, `update_time`) VALUES ('6614636371380408320', '6614636371380408321', '6614636371376214016', '2******3', '0', '', 'http://static.galileo.xiaojukeji.com/static/tms/default_header.png', '2020-01-10 02:50:59', '2020-01-10 02:50:59');
INSERT INTO `order_sys_seller`.`rate_detail` (`rate_id`, `order_id`, `product_id`, `username`, `rate_type`, `text`, `avatar`, `create_time`, `update_time`) VALUES ('6614636371384602624', '6614636371384602625', '6614636371376214016', '3******b', '0', '', 'http://static.galileo.xiaojukeji.com/static/tms/default_header.png', '2020-01-10 02:50:59', '2020-01-10 02:50:59');
INSERT INTO `order_sys_seller`.`rate_detail` (`rate_id`, `order_id`, `product_id`, `username`, `rate_type`, `text`, `avatar`, `create_time`, `update_time`) VALUES ('6614636371397185536', '6614636371397185537', '6614636371388796928', '3******c', '1', '不脆,不好吃', 'http://static.galileo.xiaojukeji.com/static/tms/default_header.png', '2020-01-10 02:50:59', '2020-01-10 02:50:59');
INSERT INTO `order_sys_seller`.`rate_detail` (`rate_id`, `order_id`, `product_id`, `username`, `rate_type`, `text`, `avatar`, `create_time`, `update_time`) VALUES ('6614636371397185538', '6614636371397185539', '6614636371388796928', '2******3', '0', '', 'http://static.galileo.xiaojukeji.com/static/tms/default_header.png', '2020-01-10 02:50:59', '2020-01-10 02:50:59');
INSERT INTO `order_sys_seller`.`rate_detail` (`rate_id`, `order_id`, `product_id`, `username`, `rate_type`, `text`, `avatar`, `create_time`, `update_time`) VALUES ('6614636371401379840', '6614636371401379841', '6614636371388796928', '3******b', '0', '', 'http://static.galileo.xiaojukeji.com/static/tms/default_header.png', '2020-01-10 02:50:59', '2020-01-10 02:50:59');
INSERT INTO `order_sys_seller`.`rate_detail` (`rate_id`, `order_id`, `product_id`, `username`, `rate_type`, `text`, `avatar`, `create_time`, `update_time`) VALUES ('6614636371409768448', '6614636371409768449', '6614636371405574144', '3******c', '0', '', 'http://static.galileo.xiaojukeji.com/static/tms/default_header.png', '2020-01-10 02:50:59', '2020-01-10 02:50:59');
INSERT INTO `order_sys_seller`.`rate_detail` (`rate_id`, `order_id`, `product_id`, `username`, `rate_type`, `text`, `avatar`, `create_time`, `update_time`) VALUES ('6614636371430739968', '6614636371430739969', '6614636371405574144', '2******3', '0', '', 'http://static.galileo.xiaojukeji.com/static/tms/default_header.png', '2020-01-10 02:50:59', '2020-01-10 02:50:59');
INSERT INTO `order_sys_seller`.`rate_detail` (`rate_id`, `order_id`, `product_id`, `username`, `rate_type`, `text`, `avatar`, `create_time`, `update_time`) VALUES ('6614636371434934272', '6614636371434934273', '6614636371405574144', '3******b', '0', '', 'http://static.galileo.xiaojukeji.com/static/tms/default_header.png', '2020-01-10 02:50:59', '2020-01-10 02:50:59');
INSERT INTO `order_sys_seller`.`rate_detail` (`rate_id`, `order_id`, `product_id`, `username`, `rate_type`, `text`, `avatar`, `create_time`, `update_time`) VALUES ('6614636371443322880', '6614636371443322881', '6614636371439128576', '3******c', '0', '', 'http://static.galileo.xiaojukeji.com/static/tms/default_header.png', '2020-01-10 02:50:59', '2020-01-10 02:50:59');
INSERT INTO `order_sys_seller`.`rate_detail` (`rate_id`, `order_id`, `product_id`, `username`, `rate_type`, `text`, `avatar`, `create_time`, `update_time`) VALUES ('6614636371447517184', '6614636371447517185', '6614636371439128576', '2******3', '0', '', 'http://static.galileo.xiaojukeji.com/static/tms/default_header.png', '2020-01-10 02:50:59', '2020-01-10 02:50:59');
INSERT INTO `order_sys_seller`.`rate_detail` (`rate_id`, `order_id`, `product_id`, `username`, `rate_type`, `text`, `avatar`, `create_time`, `update_time`) VALUES ('6614636371451711488', '6614636371451711489', '6614636371439128576', '3******b', '0', '', 'http://static.galileo.xiaojukeji.com/static/tms/default_header.png', '2020-01-10 02:50:59', '2020-01-10 02:50:59');
INSERT INTO `order_sys_seller`.`rate_detail` (`rate_id`, `order_id`, `product_id`, `username`, `rate_type`, `text`, `avatar`, `create_time`, `update_time`) VALUES ('6614636371460100096', '6614636371460100097', '6614636371455905792', '3******c', '0', '', 'http://static.galileo.xiaojukeji.com/static/tms/default_header.png', '2020-01-10 02:50:59', '2020-01-10 02:50:59');
INSERT INTO `order_sys_seller`.`rate_detail` (`rate_id`, `order_id`, `product_id`, `username`, `rate_type`, `text`, `avatar`, `create_time`, `update_time`) VALUES ('6614636371464294400', '6614636371464294401', '6614636371455905792', '2******3', '0', '', 'http://static.galileo.xiaojukeji.com/static/tms/default_header.png', '2020-01-10 02:50:59', '2020-01-10 02:50:59');
INSERT INTO `order_sys_seller`.`rate_detail` (`rate_id`, `order_id`, `product_id`, `username`, `rate_type`, `text`, `avatar`, `create_time`, `update_time`) VALUES ('6614636371468488704', '6614636371468488705', '6614636371455905792', '3******b', '0', '', 'http://static.galileo.xiaojukeji.com/static/tms/default_header.png', '2020-01-10 02:50:59', '2020-01-10 02:50:59');
INSERT INTO `order_sys_seller`.`rate_detail` (`rate_id`, `order_id`, `product_id`, `username`, `rate_type`, `text`, `avatar`, `create_time`, `update_time`) VALUES ('6614636371476877312', '6614636371476877313', '6614636371472683008', '3******c', '0', '', 'http://static.galileo.xiaojukeji.com/static/tms/default_header.png', '2020-01-10 02:50:59', '2020-01-10 02:50:59');
INSERT INTO `order_sys_seller`.`rate_detail` (`rate_id`, `order_id`, `product_id`, `username`, `rate_type`, `text`, `avatar`, `create_time`, `update_time`) VALUES ('6614636371481071616', '6614636371481071617', '6614636371472683008', '2******3', '0', '', 'http://static.galileo.xiaojukeji.com/static/tms/default_header.png', '2020-01-10 02:50:59', '2020-01-10 02:50:59');
INSERT INTO `order_sys_seller`.`rate_detail` (`rate_id`, `order_id`, `product_id`, `username`, `rate_type`, `text`, `avatar`, `create_time`, `update_time`) VALUES ('6614636371481071618', '6614636371481071619', '6614636371472683008', '3******b', '0', '', 'http://static.galileo.xiaojukeji.com/static/tms/default_header.png', '2020-01-10 02:50:59', '2020-01-10 02:50:59');
INSERT INTO `order_sys_seller`.`rate_detail` (`rate_id`, `order_id`, `product_id`, `username`, `rate_type`, `text`, `avatar`, `create_time`, `update_time`) VALUES ('6614636371489460224', '6614636371489460225', '6614636371485265920', '3******c', '0', '', 'http://static.galileo.xiaojukeji.com/static/tms/default_header.png', '2020-01-10 02:50:59', '2020-01-10 02:50:59');
INSERT INTO `order_sys_seller`.`rate_detail` (`rate_id`, `order_id`, `product_id`, `username`, `rate_type`, `text`, `avatar`, `create_time`, `update_time`) VALUES ('6614636371489460226', '6614636371489460227', '6614636371485265920', '2******3', '0', '', 'http://static.galileo.xiaojukeji.com/static/tms/default_header.png', '2020-01-10 02:50:59', '2020-01-10 02:50:59');
INSERT INTO `order_sys_seller`.`rate_detail` (`rate_id`, `order_id`, `product_id`, `username`, `rate_type`, `text`, `avatar`, `create_time`, `update_time`) VALUES ('6614636371497848832', '6614636371497848833', '6614636371485265920', '3******b', '0', '', 'http://static.galileo.xiaojukeji.com/static/tms/default_header.png', '2020-01-10 02:50:59', '2020-01-10 02:50:59');
INSERT INTO `order_sys_seller`.`rate_detail` (`rate_id`, `order_id`, `product_id`, `username`, `rate_type`, `text`, `avatar`, `create_time`, `update_time`) VALUES ('6614644993388843008', '6614644993388843009', '6614644993330122752', '2******3', '0', '', 'http://static.galileo.xiaojukeji.com/static/tms/default_header.png', '2020-01-10 03:25:14', '2020-01-10 03:25:14');
INSERT INTO `order_sys_seller`.`rate_detail` (`rate_id`, `order_id`, `product_id`, `username`, `rate_type`, `text`, `avatar`, `create_time`, `update_time`) VALUES ('6614645099576037376', '6614645099576037377', '6614645099567648768', '3******c', '0', '还可以', 'http://static.galileo.xiaojukeji.com/static/tms/default_header.png', '2020-01-10 03:25:39', '2020-01-10 03:25:39');
INSERT INTO `order_sys_seller`.`rate_detail` (`rate_id`, `order_id`, `product_id`, `username`, `rate_type`, `text`, `avatar`, `create_time`, `update_time`) VALUES ('6614645099580231680', '6614645099580231681', '6614645099567648768', '2******3', '0', '', 'http://static.galileo.xiaojukeji.com/static/tms/default_header.png', '2020-01-10 03:25:39', '2020-01-10 03:25:39');
INSERT INTO `order_sys_seller`.`rate_detail` (`rate_id`, `order_id`, `product_id`, `username`, `rate_type`, `text`, `avatar`, `create_time`, `update_time`) VALUES ('6614645284129607680', '6614645284129607681', '6614645284121219072', '3******c', '0', '菜量还可以,味道还可以', 'http://static.galileo.xiaojukeji.com/static/tms/default_header.png', '2020-01-10 03:26:23', '2020-01-10 03:26:23');
INSERT INTO `order_sys_seller`.`rate_detail` (`rate_id`, `order_id`, `product_id`, `username`, `rate_type`, `text`, `avatar`, `create_time`, `update_time`) VALUES ('6614645284133801984', '6614645284133801985', '6614645284121219072', '2******3', '0', '', 'http://static.galileo.xiaojukeji.com/static/tms/default_header.png', '2020-01-10 03:26:23', '2020-01-10 03:26:23');
INSERT INTO `order_sys_seller`.`rate_detail` (`rate_id`, `order_id`, `product_id`, `username`, `rate_type`, `text`, `avatar`, `create_time`, `update_time`) VALUES ('6614645284146384896', '6614645284146384897', '6614645284142190592', '3******c', '0', '', 'http://static.galileo.xiaojukeji.com/static/tms/default_header.png', '2020-01-10 03:26:23', '2020-01-10 03:26:23');
INSERT INTO `order_sys_seller`.`rate_detail` (`rate_id`, `order_id`, `product_id`, `username`, `rate_type`, `text`, `avatar`, `create_time`, `update_time`) VALUES ('6614645284188327936', '6614645284188327937', '6614645284142190592', '2******3', '0', '', 'http://static.galileo.xiaojukeji.com/static/tms/default_header.png', '2020-01-10 03:26:23', '2020-01-10 03:26:23');
INSERT INTO `order_sys_seller`.`rate_detail` (`rate_id`, `order_id`, `product_id`, `username`, `rate_type`, `text`, `avatar`, `create_time`, `update_time`) VALUES ('6614645284196716544', '6614645284196716545', '6614645284192522240', '3******c', '0', '', 'http://static.galileo.xiaojukeji.com/static/tms/default_header.png', '2020-01-10 03:26:23', '2020-01-10 03:26:23');
INSERT INTO `order_sys_seller`.`rate_detail` (`rate_id`, `order_id`, `product_id`, `username`, `rate_type`, `text`, `avatar`, `create_time`, `update_time`) VALUES ('6614645284200910848', '6614645284200910849', '6614645284192522240', '2******3', '0', '', 'http://static.galileo.xiaojukeji.com/static/tms/default_header.png', '2020-01-10 03:26:23', '2020-01-10 03:26:23');
INSERT INTO `order_sys_seller`.`rate_detail` (`rate_id`, `order_id`, `product_id`, `username`, `rate_type`, `text`, `avatar`, `create_time`, `update_time`) VALUES ('6614645341180530688', '6614645341180530689', '6614645341172142080', '3******c', '0', '', 'http://static.galileo.xiaojukeji.com/static/tms/default_header.png', '2020-01-10 03:26:37', '2020-01-10 03:26:37');
INSERT INTO `order_sys_seller`.`rate_detail` (`rate_id`, `order_id`, `product_id`, `username`, `rate_type`, `text`, `avatar`, `create_time`, `update_time`) VALUES ('6614645341184724992', '6614645341184724993', '6614645341172142080', '2******3', '0', '', 'http://static.galileo.xiaojukeji.com/static/tms/default_header.png', '2020-01-10 03:26:37', '2020-01-10 03:26:37');
INSERT INTO `order_sys_seller`.`rate_detail` (`rate_id`, `order_id`, `product_id`, `username`, `rate_type`, `text`, `avatar`, `create_time`, `update_time`) VALUES ('6614645341193113600', '6614645341193113601', '6614645341172142080', '3******b', '0', '', 'http://static.galileo.xiaojukeji.com/static/tms/default_header.png', '2020-01-10 03:26:37', '2020-01-10 03:26:37');
INSERT INTO `order_sys_seller`.`rate_detail` (`rate_id`, `order_id`, `product_id`, `username`, `rate_type`, `text`, `avatar`, `create_time`, `update_time`) VALUES ('6614645341209890816', '6614645341209890817', '6614645341205696512', '3******c', '0', '', 'http://static.galileo.xiaojukeji.com/static/tms/default_header.png', '2020-01-10 03:26:37', '2020-01-10 03:26:37');
INSERT INTO `order_sys_seller`.`rate_detail` (`rate_id`, `order_id`, `product_id`, `username`, `rate_type`, `text`, `avatar`, `create_time`, `update_time`) VALUES ('6614645341218279424', '6614645341218279425', '6614645341205696512', '2******3', '0', '', 'http://static.galileo.xiaojukeji.com/static/tms/default_header.png', '2020-01-10 03:26:37', '2020-01-10 03:26:37');
INSERT INTO `order_sys_seller`.`rate_detail` (`rate_id`, `order_id`, `product_id`, `username`, `rate_type`, `text`, `avatar`, `create_time`, `update_time`) VALUES ('6614645341226668032', '6614645341226668033', '6614645341205696512', '3******b', '0', '', 'http://static.galileo.xiaojukeji.com/static/tms/default_header.png', '2020-01-10 03:26:37', '2020-01-10 03:26:37');
INSERT INTO `order_sys_seller`.`rate_detail` (`rate_id`, `order_id`, `product_id`, `username`, `rate_type`, `text`, `avatar`, `create_time`, `update_time`) VALUES ('6614645380464381952', '6614645380464381953', '6614645380455993344', '2******3', '0', '', 'http://static.galileo.xiaojukeji.com/static/tms/default_header.png', '2020-01-10 03:26:46', '2020-01-10 03:26:46');
INSERT INTO `order_sys_seller`.`rate_detail` (`rate_id`, `order_id`, `product_id`, `username`, `rate_type`, `text`, `avatar`, `create_time`, `update_time`) VALUES ('6614645380476964864', '6614645380476964865', '6614645380468576256', '2******3', '0', '', 'http://static.galileo.xiaojukeji.com/static/tms/default_header.png', '2020-01-10 03:26:46', '2020-01-10 03:26:46');
INSERT INTO `order_sys_seller`.`rate_detail` (`rate_id`, `order_id`, `product_id`, `username`, `rate_type`, `text`, `avatar`, `create_time`, `update_time`) VALUES ('6614645420452876289', '6614645420452876290', '6614645420452876288', '3******c', '0', '', 'http://static.galileo.xiaojukeji.com/static/tms/default_header.png', '2020-01-10 03:26:56', '2020-01-10 03:26:56');
INSERT INTO `order_sys_seller`.`rate_detail` (`rate_id`, `order_id`, `product_id`, `username`, `rate_type`, `text`, `avatar`, `create_time`, `update_time`) VALUES ('6614645420457070592', '6614645420457070593', '6614645420452876288', '2******3', '0', '', 'http://static.galileo.xiaojukeji.com/static/tms/default_header.png', '2020-01-10 03:26:56', '2020-01-10 03:26:56');
INSERT INTO `order_sys_seller`.`rate_detail` (`rate_id`, `order_id`, `product_id`, `username`, `rate_type`, `text`, `avatar`, `create_time`, `update_time`) VALUES ('6614645420461264896', '6614645420461264897', '6614645420452876288', '3******b', '0', '', 'http://static.galileo.xiaojukeji.com/static/tms/default_header.png', '2020-01-10 03:26:56', '2020-01-10 03:26:56');
INSERT INTO `order_sys_seller`.`rate_detail` (`rate_id`, `order_id`, `product_id`, `username`, `rate_type`, `text`, `avatar`, `create_time`, `update_time`) VALUES ('6614645420469653504', '6614645420469653505', '6614645420465459200', '3******c', '0', '还可以', 'http://static.galileo.xiaojukeji.com/static/tms/default_header.png', '2020-01-10 03:26:56', '2020-01-10 03:26:56');
INSERT INTO `order_sys_seller`.`rate_detail` (`rate_id`, `order_id`, `product_id`, `username`, `rate_type`, `text`, `avatar`, `create_time`, `update_time`) VALUES ('6614645420473847808', '6614645420473847809', '6614645420465459200', '2******3', '0', '', 'http://static.galileo.xiaojukeji.com/static/tms/default_header.png', '2020-01-10 03:26:56', '2020-01-10 03:26:56');
INSERT INTO `order_sys_seller`.`rate_detail` (`rate_id`, `order_id`, `product_id`, `username`, `rate_type`, `text`, `avatar`, `create_time`, `update_time`) VALUES ('6614645469756919808', '6614645469756919809', '6614645469748531200', '3******c', '0', '', 'http://static.galileo.xiaojukeji.com/static/tms/default_header.png', '2020-01-10 03:27:08', '2020-01-10 03:27:08');
INSERT INTO `order_sys_seller`.`rate_detail` (`rate_id`, `order_id`, `product_id`, `username`, `rate_type`, `text`, `avatar`, `create_time`, `update_time`) VALUES ('6614645469756919810', '6614645469756919811', '6614645469748531200', '2******3', '0', '', 'http://static.galileo.xiaojukeji.com/static/tms/default_header.png', '2020-01-10 03:27:08', '2020-01-10 03:27:08');
INSERT INTO `order_sys_seller`.`rate_detail` (`rate_id`, `order_id`, `product_id`, `username`, `rate_type`, `text`, `avatar`, `create_time`, `update_time`) VALUES ('6614645469761114112', '6614645469761114113', '6614645469748531200', '3******b', '1', '', 'http://static.galileo.xiaojukeji.com/static/tms/default_header.png', '2020-01-10 03:27:08', '2020-01-10 03:27:08');
INSERT INTO `order_sys_seller`.`rate_detail` (`rate_id`, `order_id`, `product_id`, `username`, `rate_type`, `text`, `avatar`, `create_time`, `update_time`) VALUES ('6614645469765308416', '6614645469765308417', '6614645469761114114', '3******c', '1', '没啥味道', 'http://static.galileo.xiaojukeji.com/static/tms/default_header.png', '2020-01-10 03:27:08', '2020-01-10 03:27:08');
INSERT INTO `order_sys_seller`.`rate_detail` (`rate_id`, `order_id`, `product_id`, `username`, `rate_type`, `text`, `avatar`, `create_time`, `update_time`) VALUES ('6614645469769502720', '6614645469769502721', '6614645469761114114', '2******3', '1', '很一般啊', 'http://static.galileo.xiaojukeji.com/static/tms/default_header.png', '2020-01-10 03:27:08', '2020-01-10 03:27:08');
INSERT INTO `order_sys_seller`.`rate_detail` (`rate_id`, `order_id`, `product_id`, `username`, `rate_type`, `text`, `avatar`, `create_time`, `update_time`) VALUES ('6614645469773697024', '6614645469773697025', '6614645469761114114', '3******b', '0', '', 'http://static.galileo.xiaojukeji.com/static/tms/default_header.png', '2020-01-10 03:27:08', '2020-01-10 03:27:08');
INSERT INTO `order_sys_seller`.`rate_detail` (`rate_id`, `order_id`, `product_id`, `username`, `rate_type`, `text`, `avatar`, `create_time`, `update_time`) VALUES ('6614645469786279936', '6614645469786279937', '6614645469777891328', '3******c', '1', '难吃不推荐', 'http://static.galileo.xiaojukeji.com/static/tms/default_header.png', '2020-01-10 03:27:08', '2020-01-10 03:27:08');
INSERT INTO `order_sys_seller`.`rate_detail` (`rate_id`, `order_id`, `product_id`, `username`, `rate_type`, `text`, `avatar`, `create_time`, `update_time`) VALUES ('6614645469786279938', '6614645469786279939', '6614645469777891328', '2******3', '0', '', 'http://static.galileo.xiaojukeji.com/static/tms/default_header.png', '2020-01-10 03:27:08', '2020-01-10 03:27:08');
INSERT INTO `order_sys_seller`.`rate_detail` (`rate_id`, `order_id`, `product_id`, `username`, `rate_type`, `text`, `avatar`, `create_time`, `update_time`) VALUES ('6614645469790474240', '6614645469790474241', '6614645469777891328', '3******b', '0', '', 'http://static.galileo.xiaojukeji.com/static/tms/default_header.png', '2020-01-10 03:27:08', '2020-01-10 03:27:08');
INSERT INTO `order_sys_seller`.`rate_detail` (`rate_id`, `order_id`, `product_id`, `username`, `rate_type`, `text`, `avatar`, `create_time`, `update_time`) VALUES ('6614645469798862848', '6614645469798862849', '6614645469794668544', '3******c', '1', '不脆,不好吃', 'http://static.galileo.xiaojukeji.com/static/tms/default_header.png', '2020-01-10 03:27:08', '2020-01-10 03:27:08');
INSERT INTO `order_sys_seller`.`rate_detail` (`rate_id`, `order_id`, `product_id`, `username`, `rate_type`, `text`, `avatar`, `create_time`, `update_time`) VALUES ('6614645469807251456', '6614645469807251457', '6614645469794668544', '2******3', '0', '', 'http://static.galileo.xiaojukeji.com/static/tms/default_header.png', '2020-01-10 03:27:08', '2020-01-10 03:27:08');
INSERT INTO `order_sys_seller`.`rate_detail` (`rate_id`, `order_id`, `product_id`, `username`, `rate_type`, `text`, `avatar`, `create_time`, `update_time`) VALUES ('6614645469811445760', '6614645469811445761', '6614645469794668544', '3******b', '0', '', 'http://static.galileo.xiaojukeji.com/static/tms/default_header.png', '2020-01-10 03:27:08', '2020-01-10 03:27:08');
INSERT INTO `order_sys_seller`.`rate_detail` (`rate_id`, `order_id`, `product_id`, `username`, `rate_type`, `text`, `avatar`, `create_time`, `update_time`) VALUES ('6614645469815640065', '6614645469815640066', '6614645469815640064', '3******c', '0', '', 'http://static.galileo.xiaojukeji.com/static/tms/default_header.png', '2020-01-10 03:27:08', '2020-01-10 03:27:08');
INSERT INTO `order_sys_seller`.`rate_detail` (`rate_id`, `order_id`, `product_id`, `username`, `rate_type`, `text`, `avatar`, `create_time`, `update_time`) VALUES ('6614645469819834368', '6614645469819834369', '6614645469815640064', '2******3', '0', '', 'http://static.galileo.xiaojukeji.com/static/tms/default_header.png', '2020-01-10 03:27:08', '2020-01-10 03:27:08');
INSERT INTO `order_sys_seller`.`rate_detail` (`rate_id`, `order_id`, `product_id`, `username`, `rate_type`, `text`, `avatar`, `create_time`, `update_time`) VALUES ('6614645469824028672', '6614645469824028673', '6614645469815640064', '3******b', '0', '', 'http://static.galileo.xiaojukeji.com/static/tms/default_header.png', '2020-01-10 03:27:08', '2020-01-10 03:27:08');
INSERT INTO `order_sys_seller`.`rate_detail` (`rate_id`, `order_id`, `product_id`, `username`, `rate_type`, `text`, `avatar`, `create_time`, `update_time`) VALUES ('6614645692377993216', '6614645692377993217', '6614645692373798912', '3******c', '0', '很喜欢的粥', 'http://static.galileo.xiaojukeji.com/static/tms/default_header.png', '2020-01-10 03:28:01', '2020-01-10 03:28:01');
INSERT INTO `order_sys_seller`.`rate_detail` (`rate_id`, `order_id`, `product_id`, `username`, `rate_type`, `text`, `avatar`, `create_time`, `update_time`) VALUES ('6614645692382187520', '6614645692382187521', '6614645692373798912', '2******3', '0', '', 'http://static.galileo.xiaojukeji.com/static/tms/default_header.png', '2020-01-10 03:28:01', '2020-01-10 03:28:01');
INSERT INTO `order_sys_seller`.`rate_detail` (`rate_id`, `order_id`, `product_id`, `username`, `rate_type`, `text`, `avatar`, `create_time`, `update_time`) VALUES ('6614645692386381824', '6614645692386381825', '6614645692373798912', '3******b', '1', '', 'http://static.galileo.xiaojukeji.com/static/tms/default_header.png', '2020-01-10 03:28:01', '2020-01-10 03:28:01');
INSERT INTO `order_sys_seller`.`rate_detail` (`rate_id`, `order_id`, `product_id`, `username`, `rate_type`, `text`, `avatar`, `create_time`, `update_time`) VALUES ('6614645692398964736', '6614645692398964737', '6614645692394770432', '3******c', '0', '', 'http://static.galileo.xiaojukeji.com/static/tms/default_header.png', '2020-01-10 03:28:01', '2020-01-10 03:28:01');
INSERT INTO `order_sys_seller`.`rate_detail` (`rate_id`, `order_id`, `product_id`, `username`, `rate_type`, `text`, `avatar`, `create_time`, `update_time`) VALUES ('6614645692478656512', '6614645692478656513', '6614645692394770432', '2******3', '0', '', 'http://static.galileo.xiaojukeji.com/static/tms/default_header.png', '2020-01-10 03:28:01', '2020-01-10 03:28:01');
INSERT INTO `order_sys_seller`.`rate_detail` (`rate_id`, `order_id`, `product_id`, `username`, `rate_type`, `text`, `avatar`, `create_time`, `update_time`) VALUES ('6614645692482850816', '6614645692482850817', '6614645692394770432', '3******b', '0', '', 'http://static.galileo.xiaojukeji.com/static/tms/default_header.png', '2020-01-10 03:28:01', '2020-01-10 03:28:01');
INSERT INTO `order_sys_seller`.`rate_detail` (`rate_id`, `order_id`, `product_id`, `username`, `rate_type`, `text`, `avatar`, `create_time`, `update_time`) VALUES ('6614645692491239424', '6614645692491239425', '6614645692487045120', '3******c', '0', '', 'http://static.galileo.xiaojukeji.com/static/tms/default_header.png', '2020-01-10 03:28:01', '2020-01-10 03:28:01');
INSERT INTO `order_sys_seller`.`rate_detail` (`rate_id`, `order_id`, `product_id`, `username`, `rate_type`, `text`, `avatar`, `create_time`, `update_time`) VALUES ('6614645692495433728', '6614645692495433729', '6614645692487045120', '2******3', '0', '', 'http://static.galileo.xiaojukeji.com/static/tms/default_header.png', '2020-01-10 03:28:01', '2020-01-10 03:28:01');
INSERT INTO `order_sys_seller`.`rate_detail` (`rate_id`, `order_id`, `product_id`, `username`, `rate_type`, `text`, `avatar`, `create_time`, `update_time`) VALUES ('6614645692499628032', '6614645692499628033', '6614645692487045120', '3******b', '0', '', 'http://static.galileo.xiaojukeji.com/static/tms/default_header.png', '2020-01-10 03:28:01', '2020-01-10 03:28:01');
INSERT INTO `order_sys_seller`.`rate_detail` (`rate_id`, `order_id`, `product_id`, `username`, `rate_type`, `text`, `avatar`, `create_time`, `update_time`) VALUES ('6614645692508016640', '6614645692508016641', '6614645692503822336', '3******c', '0', '', 'http://static.galileo.xiaojukeji.com/static/tms/default_header.png', '2020-01-10 03:28:01', '2020-01-10 03:28:01');
INSERT INTO `order_sys_seller`.`rate_detail` (`rate_id`, `order_id`, `product_id`, `username`, `rate_type`, `text`, `avatar`, `create_time`, `update_time`) VALUES ('6614645692512210944', '6614645692512210945', '6614645692503822336', '2******3', '0', '', 'http://static.galileo.xiaojukeji.com/static/tms/default_header.png', '2020-01-10 03:28:01', '2020-01-10 03:28:01');
INSERT INTO `order_sys_seller`.`rate_detail` (`rate_id`, `order_id`, `product_id`, `username`, `rate_type`, `text`, `avatar`, `create_time`, `update_time`) VALUES ('6614645692512210946', '6614645692512210947', '6614645692503822336', '3******b', '0', '', 'http://static.galileo.xiaojukeji.com/static/tms/default_header.png', '2020-01-10 03:28:01', '2020-01-10 03:28:01');
INSERT INTO `order_sys_seller`.`rate_detail` (`rate_id`, `order_id`, `product_id`, `username`, `rate_type`, `text`, `avatar`, `create_time`, `update_time`) VALUES ('6614645692520599552', '6614645692520599553', '6614645692516405248', '3******c', '0', '', 'http://static.galileo.xiaojukeji.com/static/tms/default_header.png', '2020-01-10 03:28:01', '2020-01-10 03:28:01');
INSERT INTO `order_sys_seller`.`rate_detail` (`rate_id`, `order_id`, `product_id`, `username`, `rate_type`, `text`, `avatar`, `create_time`, `update_time`) VALUES ('6614645692524793856', '6614645692524793857', '6614645692516405248', '2******3', '0', '', NULL, '2020-01-10 03:28:01', '2020-01-10 03:28:01');
INSERT INTO `order_sys_seller`.`rate_detail` (`rate_id`, `order_id`, `product_id`, `username`, `rate_type`, `text`, `avatar`, `create_time`, `update_time`) VALUES ('6614645692533182464', '6614645692533182465', '6614645692516405248', '3******b', '0', '', 'http://static.galileo.xiaojukeji.com/static/tms/default_header.png', '2020-01-10 03:28:01', '2020-01-10 03:28:01');
INSERT INTO `order_sys_seller`.`rate_detail` (`rate_id`, `order_id`, `product_id`, `username`, `rate_type`, `text`, `avatar`, `create_time`, `update_time`) VALUES ('6614645692545765376', '6614645692545765377', '6614645692537376768', '3******c', '0', '', 'http://static.galileo.xiaojukeji.com/static/tms/default_header.png', '2020-01-10 03:28:01', '2020-01-10 03:28:01');
INSERT INTO `order_sys_seller`.`rate_detail` (`rate_id`, `order_id`, `product_id`, `username`, `rate_type`, `text`, `avatar`, `create_time`, `update_time`) VALUES ('6614645692549959680', '6614645692549959681', '6614645692537376768', '2******3', '0', '', 'http://static.galileo.xiaojukeji.com/static/tms/default_header.png', '2020-01-10 03:28:01', '2020-01-10 03:28:01');
INSERT INTO `order_sys_seller`.`rate_detail` (`rate_id`, `order_id`, `product_id`, `username`, `rate_type`, `text`, `avatar`, `create_time`, `update_time`) VALUES ('6614645692554153984', '6614645692554153985', '6614645692537376768', '3******b', '0', '', 'http://static.galileo.xiaojukeji.com/static/tms/default_header.png', '2020-01-10 03:28:01', '2020-01-10 03:28:01');
